name,full
WaltDisney,Walt Disney
Paramountâ€¦,Paramount Pictures
WarnerBros.,Warner Bros.
Universal,Universal Studio
SummitEnâ€¦,Summit Entertainment
SonyPictâ€¦,Sony Pictures
Weinsteinâ€¦,Weinstein Co.
FoxSearcâ€¦,Fox Searchlight
20thCentâ€¦,20th Century
Lionsgate,Lionsgate
MGM,MGM
Overtureâ€¦,Overture Films
CBSFilms,CBS Films
FocusFeaâ€¦,Focus Features
Miramax,Miramax
Roadsideâ€¦,Roadside Attractions
AnchorBaâ€¦,Anchor Bay Entertainment
3DEntertâ€¦,3D Entertainment
Relativity,Relativity
Allianceâ€¦,Alliance Atlantis
Nationalâ€¦,National Geographic Entertainment
Magnoliaâ€¦,Magnolia Pictures
SamuelGoâ€¦,Samuel Goldwyn Films
Apparition,Apparition
IFCFilms,IFC Films
Producersâ€¦,Producers Distribution Energy
VivendiEâ€¦,Vivendi Entertainment
B4UMovies,B4U Movies
Freestyleâ€¦,Freestyle Releasing
BigPictures,Big Pictures
UTVCommuâ€¦,UTV Communications
ErosEnteâ€¦,Eros Entertainment
Slowhandâ€¦,Slowhand Cinema
ScreenMeâ€¦,Screen Media Films
ShortsInâ€¦,Shorts International
Five&Twâ€¦,Five & Two Pictures
MusicBoxâ€¦,Music Box Films
GKIDS,GKIDS
Zeitgeist,Zeitgeist
KinoInteâ€¦,Kino International
Newmarketâ€¦,Newmarket Films
Oscilloscâ€¦,Oscilloscope Pictures
Hannoverâ€¦,Hannover House
RockyMouâ€¦,Rocky Mountain Pictures
LorberFilms,Lorber Films
Gener8xioâ€¦,Gener8xion Entertainment
HydeParkâ€¦,Hyde Park Films
FirstRunâ€¦,First Run Features
Relianceâ€¦,Reliance Big Pictures
VivaEnteâ€¦,Viva Entertainment
SelfDistâ€¦,Self Distributed
Cinedigm,Cinedigm
Drafthousâ€¦,Drafthouse Films
FirstIndâ€¦,First Independent Pictures
ArgotPicâ€¦,Argot Pictures
Arthouseâ€¦,Arthouse Films
NewYorker,New Yorker
Abramoramâ€¦,Abramorama Films
MagnetPiâ€¦,Magnet Pictures
MoriahFilms,Moriah Films
7-57Releâ€¦,7-57 Releasing
JanusFilms,Janus Films
Strand,Strand
CinemaGuild,Cinema Guild
NewFilmsâ€¦,New Films Cinema
CinemaLibre,Cinema Libre
ChinaLioâ€¦,China Lion Film Distribution
RainbowRâ€¦,Rainbow Releasing
Varianceâ€¦,Variance Films
Studio18,Studio 18
Internatiâ€¦,International Film Circuit
IndicanPâ€¦,Indican Pictures
Montereyâ€¦,Monterey Media
Paladin,Paladin
CFI,CFI
Area23a,Area23a
TheFilmâ€¦,The Film Collaborative
Fourofaâ€¦,Four of a Kind Productions
IndieVestâ€¦,IndieVest Pictures
RedFlagâ€¦,Red Flag Releasing
Telepathiâ€¦,Telepathic Studios
Collectivâ€¦,Collective Eye
BevPictures,Bev Pictures
FilmDistrict,Film District
OpenRoad,Open Road
Codeblackâ€¦,Codeblack Entertainment
VisioEntâ€¦,Visio Entertainment
Entertainâ€¦,Entertainment One
FilmsSevâ€¦,Films Seville
QuakerMedia,Quaker Media
NCMFathom,NCM Fathom
Omin/Freeâ€¦,Omin/Freestyle
Smodshowâ€¦,Smodshow Productions
ATOPictures,ATO Pictures
Tachyon,Tachyon
Vitagraphâ€¦,Vitagraph Films
MongrelMâ€¦,Mongrel Media
MotionFiâ€¦,Motion Films
IcarusFilms,Icarus Films
Alchemy,Alchemy
DadaFilms,Dada Films
MotionPiâ€¦,Motion Pictures
ImageEntâ€¦,Image Entertainment
TrulyIndie,Truly Indie
CheckEntâ€¦,Check Entertainment
RooftopFâ€¦,Rooftop Films
KinoLorber,Kino Lorber
Phase4Fâ€¦,Phase 4 Films
OliveFilms,Olive Films
MayaReleâ€¦,Maya Releasing
CorinthFâ€¦,Corinth Films
FilmDemic,Film Demic
TheBubblâ€¦,The Bubble Factory
YashRajâ€¦,Yash Raj Films
Indominaâ€¦,Indomina Releasing
ArtsAlliâ€¦,Arts Alliance America
Malo Film,Malo Film
WrekinHiâ€¦,Wrekin Hill Entertainment
PeaceFilâ€¦,Peace Films
Submarineâ€¦,Submarine Deluxe
AliveMind,Alive Mind
Nocturnalâ€¦,Nocturnal Features
KKMEnterâ€¦,KKM Entertainment
ElevenArts,Eleven Arts
RocketReâ€¦,Rocket Releasing
Docurama,Docurama
108Pics,108 Pics
TriBecaFâ€¦,TriBeca Films
CinemaPuâ€¦,Cinema Purgatorio
Insurgentâ€¦,Insurgent Media
LongShotâ€¦,Long Shot Factory
FullMoonâ€¦,Full Moon Features
ARCEnterâ€¦,ARC Entertainment
FilmMoveâ€¦,Film Movement
LifeSentâ€¦,Life Sentence Films
BalconyRâ€¦,Balcony Releasing
KristinMâ€¦,Kristin Marie Productions
Faulkner-â€¦,Faulkner-McLean Entertainment
RialtoPiâ€¦,Rialto Pictures
B.D.Foxâ€¦,B.d. Fox Independent
Skylightâ€¦,Skylight Pictures
CJEntertâ€¦,CJ Entertainment
ShotownPâ€¦,Shotown Pictures
CohenMedâ€¦,Cohen Media
Fisher-Klâ€¦,Fisher-Klingenstein Films
MonicaBeâ€¦,Monica Beach Media
HiltzSquâ€¦,Hiltz Squared
KinoClasâ€¦,Kino Classics
IFCMidnight,IFC Midnight
CAVUReleâ€¦,Cavu Releasing
ArtMattanâ€¦,Art Mattan Films
HumblePiâ€¦,Humble Pictures
TheNobilâ€¦,The Nobility Project
PlasticAâ€¦,Plastic Age Productions
SeventhAâ€¦,Seventh Art Releasing
MidwestMâ€¦,Midwest Movies
Afterlighâ€¦,Afterlight Pictures
EammonFiâ€¦,Eammon Films
Viacom18 Studios,Viacom18 Studios
Thimfilm,Thimfilm
Alchemy Media Lab,Alchemy Media Lab
Radius,Radius
GarvityArch,Garvity Arch
SnagFilms,Snag Films
CinemaV,Cinema V
AdoptFilms,Adopt Films
JouleFilms,Joule Films
PMK*BNC,PMK*BNC
WellGoUSA,Well Go USA
S2BN,S2BN
OnyxFilms,Onyx Films
FilmArcade,Film Arcade
Zipporah,Zipporah
LokiFilms,Loki Films
Callbox,Callbox
Wangyidoennamja,Wangyidoennamja
AFFRM,AFFRM
LDDistriâ€¦,LD Distribution
AtlasDisâ€¦,Atlas Distribution
BrandedEâ€¦,Branded Entertainment
FoxInterâ€¦,Fox International
KennViseâ€¦,Kenn Viselman Presents
Page124â€¦,Page 124 Productions
Veracityâ€¦,Veracity Moving Pictures
Variance/â€¦,Variance Films
SlaterBrâ€¦,Slater Brothers Entertainment
MPIMediaâ€¦,MPI Media Group
Brainstorâ€¦,Brainstorm Media
Landmarkâ€¦,Landmark Theaters
Sycamoreâ€¦,Sycamore Entertainment Group Inc.
TyscotMaâ€¦,Tyscot Manhaddon
Participaâ€¦,Participant Media
Palisades,Palisades
Metropoleâ€¦,Metropole Films Distribution
PasidgPrâ€¦,Pasidg Productions
SecretIdâ€¦,Secret Identity Productions
Pillensâ€¦,Pillen's Farm Pictures
APD/Cinemâ€¦,APD/Cinema Conservancy
7AProducâ€¦,7A Productions
A24,A24
RADiUS-TWC,RADiUS-TWC
Picturehouse,Picturehouse
Ficus,Ficus
GathrFilms,Gathr Films
erbpFilm,erbp Film
MainStreet,Main Street
Riverrain,Riverrain
Cinipix,Cinipix
FilmBuff,Film Buff
levelFILM,level FILM
StarzMedia,Starz Media
FineLine,Fine Line
HighTopâ€¦,High Top Releasing
PurdieDiâ€¦,Purdie Distribution
Echolightâ€¦,Echolight Studios
ArenasEnâ€¦,Arenas Entertainment
RCRMediaâ€¦,RCR Media Group
Exclusiveâ€¦,Exclusive Releasing
FutureEdâ€¦,Future Educational Films
PanMediaâ€¦,Pan Media & Entertainment
Awesomeneâ€¦,Awesomeness TV
RadaFilmâ€¦,Rada Film Group
NoujaimFâ€¦,Noujaim Films
ExcelEntâ€¦,Excel Entertainment
XLratorMâ€¦,XLrator Media
Gabrielsâ€¦,Gabriel's Messenger Films
AMCIndepâ€¦,AMC Independent 
LibertySâ€¦,Liberty Street Films
DistribFâ€¦,Distrib Films
LePetitâ€¦,Le Petit Canyon Productions
WolfeRelâ€¦,Wolfe Releasing
LambertRâ€¦,Lambert Releasing
Paladin/1â€¦,Paladin
Rockstoneâ€¦,Rockstone Releasing
KetchupEâ€¦,Ketchup Entertainment
Steelyardâ€¦,Steelyard Pictures
GhostsMeâ€¦,Ghosts Media Inc.
HouseLigâ€¦,House Lights Media
Doppelganâ€¦,Doppelganger Releasing
ArtistsPâ€¦,Artists Public Domain
FlyRockMâ€¦,FlyRock Media
DrivingWâ€¦,Driving With our Eyes Shut
Area23a/Fâ€¦,Area23a
BonfireFâ€¦,Bonfire Films Of America
Vanguardiâ€¦,Vanguardia Films
HybridPiâ€¦,Hybrid Pictures
OhioStreâ€¦,Ohio Street Pictures
Arclightâ€¦,Arclight Films
IMGlobalâ€¦,IM Global
Archstoneâ€¦,Archstone Entertainment
WalkingSâ€¦,Walking Shadows
Reacter8â€¦,Reacter 88 Studios
MacGillivâ€¦,MacGillivray Freeman Films
STXEnterâ€¦,STX Entertainment
BroadGreâ€¦,Broad Green Pictures
Miramax/Râ€¦,Miramax
EuropaCorp,Europa Corp
PureFlixâ€¦,Pure Flix Entertainment
FUNimation,FUNimation
Bleeckerâ€¦,Bleecker Street
BlueskyCâ€¦,Bluesky Cinemas
Unison/Paâ€¦,Unison
AmazonStâ€¦,Amazon Studios
ShortsHD,ShortsHD
ClariusEâ€¦,Clarius Entertainment
CinelouRâ€¦,Cinelou Releasing
TheOrchard,The Orchard
Amplify,Amplify
FilmRise,Film Rise
Gravitasâ€¦,Gravitas Venture
TheCieslâ€¦,The Ciesla Foundation
PBSDistrâ€¦,PBS Distribution
Aspiratioâ€¦,Aspiration Media
RiverRainâ€¦,RiverRain
PlayNowEâ€¦,PlayNow Entertainment
TheVladaâ€¦,The Vladar Company
IDP/Samueâ€¦,IDP
PacificNâ€¦,Pacific Northwest Pictures
HBODocumâ€¦,HBO Documentary
StarzDigâ€¦,Starz Digital Media
UnstuckLLC,Unstuck LLC
Northernâ€¦,Northern Arts Entertainment
Elevationâ€¦,Elevation Studios
BBCWorldâ€¦,BBC Worldwide North America
TruthAidâ€¦,Truth Aid
Sundanceâ€¦,Sundance Selects
InTheLiâ€¦,In The Light Productions LLC
Monumentâ€¦,Monument Releasing
Showtimeâ€¦,Showtime Original
Cinedigm/â€¦,Cinedigm
Residentâ€¦,Resident Artist
BigWorldâ€¦,Big World Pictures
Bramacharâ€¦,Bramacharia LLC
HonoraPrâ€¦,Homora Productions
Plymptoons,Plymptoons
Timeandâ€¦,Time and Tide Productions
CafePictâ€¦,Cafe Pictures
ForkFilms,Fork Films
AutlookFâ€¦,Autlook Films
CityDrivâ€¦,City Drive Films
Saboteurâ€¦,Saboteur Media
CandyFacâ€¦,Candy Factory Films
HanoverMâ€¦,Hanover Multimedia
MyriadEnâ€¦,Myriad Entertainment Group
DarkFrames,Dark Frames
ReelOneâ€¦,Reel One Entertainment
Zell-Kojâ€¦,Zell-Koj Studio
FIP,FIP
QualityFlix,Quality Flix
Cinegalaxy,Cinegalaxy
SabanFilms,Saban Films
Tugg,Tugg
FocusWorld,Focus World
ArtAffects,Art Affects
JBGPictures,JBG Pictures
Asymmetrical,Asymmetrical
VanishFilms,Vanish Films
Shadow,Shadow
25thFrame,25th Frame
Matson,Matson
26Aries,26 Aries
Focus/Gâ€¦,Focus Features
FathomEvâ€¦,Fathom Events
HammondEâ€¦,Hammond Entertainment
RoosterTâ€¦,Rooster Teeth
Menemshaâ€¦,Menemsha Entertainment
YariFilmâ€¦,Yari Film Group Releasing
GaatriMedia,Gaatri Media
SmithGloâ€¦,Smith Global Media
Independeâ€¦,Independent Indian
Stage6Fâ€¦,Stage 6 Films
CanZionFâ€¦,CanZion Films
Grasshoppâ€¦,Grasshopper Film
Cleopatraâ€¦,Cleopatra Films
Vanishingâ€¦,Vanishing Agile Films
MegaboxPâ€¦,Megabox Plus M
Dimensionâ€¦,Dimension Pictures
Richmondâ€¦,Richmond Media entertainment
Verticalâ€¦,Vertical Entertainment
Electricâ€¦,Electric Entertainment
MondoParâ€¦,Mondo Paradiso Films
WRAProduâ€¦,WRA Productions LLC
MirrorImâ€¦,Mirror Images LTD
GemelliPâ€¦,Gemelli Productions
Undertheâ€¦,Under the Milk Way
ParadeDeâ€¦,Parade Deck Films
RedDirtâ€¦,Red Dirt Pictures
JSenkoPrâ€¦,Jsenko Productions
Lightyearâ€¦,Lightyear Entertainment
Uncorkdâ€¦,Uncork'd Entertainment
Industriaâ€¦,Industrial House Films
Gunnisonâ€¦,Gunnison Galaxy
